{"cameraMode":{"drawMode":0,"name":"Shaded","section":"Shading Mode"},"sceneLighting":false,"audioPlay":false,"sceneViewState":{"m_AlwaysRefresh":false,"showFog":false,"showSkybox":false,"showFlares":false,"showImageEffects":false,"showParticleSystems":false,"showVisualEffectGraphs":true,"m_FxEnabled":true},"in2DMode":false,"pivot":{"x":-0.5412326455116272,"y":0.020207643508911134,"z":0.8693273067474365},"rotation":{"x":-0.029995644465088846,"y":-0.9654706120491028,"z":0.22433669865131379,"w":-0.12906378507614137},"size":1.3657150268554688,"orthographic":false}